"file_name","last_update","start_date","event_title"
"5278836_T",2015-02-11 12:57:06,2014-02-12 07:30:00,"Q4 2013 Wix.Com Ltd Earnings Conference Call"
"11681513_T",2018-09-12 07:27:13,2018-09-06 09:00:00,"Q1 2019 John Wiley & Sons Inc Earnings Call"
"697569_T",2003-01-23 23:57:52,2003-01-23 16:30:00,"Q4 2002 Zions Bancorp Earnings Conference Call"
"3073153_T",2010-05-07 12:52:50,2010-05-07 08:00:00,"Q1 2010 Central Vermont Public Service Earnings Conference Call"
"1444157_T",2007-01-24 11:05:02,2007-01-24 09:00:00,"Q1 2007 Air Products and Chemicals Inc Earnings Conference Call"
"5906417_T",2016-02-17 21:03:33,2016-02-17 16:00:00,"Q4 2015 Jive Software Inc Earnings Call"
"3803073_T",2011-03-10 09:39:35,2011-03-10 03:30:00,"Preliminary 2010 Standard Life Earnings Conference Call (Listen Only)"
"12276912_T",2019-01-28 01:34:48,2019-01-24 16:00:00,"Q4 2018 Customers Bancorp Inc Earnings Call"
"5787955_T",2015-09-22 14:30:10,2015-08-26 07:30:00,"Q2 2015 Chico's FAS Inc Earnings Call"
"12080991_T",2018-10-24 20:45:29,2018-10-24 10:00:00,"Q3 2018 Natus Medical Inc Earnings Call"
"1109859_T",2005-08-09 22:44:40,2005-08-09 10:00:00,"Q2 2005 PanAmSat Holding Corporation Earnings Conference Call"
"802054_T",2003-11-11 15:53:55,2003-11-11 06:00:00,"Q4 2003 Tier Technologies Earnings Conference Call"
"1920371_T",2008-10-09 14:12:09,2008-08-12 09:00:00,"Interim 2008 InterContinental Hotels Group Earnings Conference Call (US)"
"11370811_T",2018-03-21 22:26:21,2018-03-21 07:30:00,"Q3 2018 General Mills Inc Earnings Call"
"766942_T",2019-03-06 01:19:03,2003-07-31 10:00:00,"Q2 2003 Anika Therapeutics Earnings Conference Call"
"1805207_T",2008-05-02 14:28:01,2008-05-02 07:30:00,"Q1 2008 Barnes Group Earnings Conference Call"
"1400229_T",2007-02-04 19:55:15,2006-11-14 02:30:00,"Interim 2007 INFORMATION SVCS INTL DENTSU Earnings Presentation (Japanese)"
"5115141_T",2013-07-31 15:02:40,2013-07-31 09:00:00,"Q2 2013 Tanger Factory Outlet Centers, Inc. Earnings Conference Call"
"5135773_T",2013-08-02 12:50:16,2013-08-01 16:00:00,"Q2 2013 Kona Grill Inc Earnings Conference Call"
"2216310_T",2009-05-15 12:05:42,2009-05-15 09:00:00,"Q1 2009 Chaparral Energy Inc Earnings Conference Call"
"5693687_T",2015-05-07 16:52:07,2015-05-07 07:30:00,"Q1 2015 Muenchener Rueckversicherungs Gesellschaft AG in Muenchen Earnings Call"
"5831280_T",2015-10-30 18:33:26,2015-10-29 16:00:00,"Q2 2016 Quantum Corp Earnings Call"
"5627993_T",2015-04-23 23:55:48,2015-04-23 16:30:00,"Q3 2015 Microsoft Corp Earnings Call"
"12336238_T",2019-03-21 17:30:53,2019-03-05 04:00:00,"Full Year 2018 Direct Line Insurance Group PLC Earnings Call"
"2577073_T",2009-11-27 12:13:55,2009-11-26 03:30:00,"Preliminary 2009 Daily Mail and General Trust plc Earnings Presentation"
"3987593_T",2011-05-25 12:10:39,2011-05-09 15:30:00,"Q4 2011 American Science And Engineering Inc Earnings Conference Call"
"10745532_T",2017-08-13 07:21:16,2017-08-04 02:30:00,"Half Year 2017 Pearson PLC Earnings Call"
"785096_T",2006-10-23 12:46:57,2003-10-16 10:00:00,"Q3 2003 Caterpillar Inc. Earnings Conference Call"
"1596982_T",2007-07-26 12:47:24,2007-07-05 07:30:00,"Q2 2007 SANDVINE CORP Earnings Conference Call"
"1673136_T",2007-11-07 15:24:45,2007-11-07 12:00:00,"Q3 2007 Maguire Properties, Inc. Earnings Conference Call"
"7943270_T",2017-03-02 16:08:31,2017-03-02 01:30:00,"Full Year 2016 MTN Group Ltd Earnings Presentation"
"5734913_T",2015-05-21 11:22:42,2015-05-21 05:15:00,"Full Year 2014 United Utilities Group PLC Earnings Call"
"1896436_T",2008-08-08 12:27:27,2008-08-08 10:00:00,"Q3 2008 Atwood Oceanics Earnings Conference Call"
"2471753_T",2009-10-27 23:01:58,2009-10-27 16:00:00,"Q3 2009 Century Aluminum Earnings Conference Call"
"12274785_T",2019-02-16 08:39:31,2019-02-14 03:00:00,"Q4 2018 Coca Cola HBC AG Earnings Call"
"2441782_T",2009-11-06 02:49:57,2009-11-05 16:00:00,"Q3 2009 VeriSign, Inc. Earnings Conference Call"
"2353601_T",2009-08-05 14:02:02,2009-08-04 16:00:00,"Q2 2009 Kopin Corporation Earnings Conference Call"
"1217028_T",2006-03-07 13:55:31,2006-03-07 09:00:00,"Q4 2005 Auxilium Pharmaceuticals, Inc. Earnings Conference Call"
"5059421_T",2013-04-29 21:46:11,2013-04-29 16:00:00,"Q1 2013 ANADIGICS, Inc. Earnings Conference Call"
"12194358_T",2019-01-04 04:11:23,2018-11-14 10:00:00,"Q3 2018 Southcross Energy Partners LP Earnings Call"
"11498234_T",2018-06-29 23:28:15,2018-05-14 03:00:00,"Q1 2018 Almirall SA Earnings Call"
"5978139_T",2016-04-27 00:03:07,2016-04-25 07:30:00,"Q1 2016 Sohu.Com Inc Earnings Call"
"5429475_T",2014-07-29 15:01:10,2014-07-29 07:30:00,"Q2 2014 Carbonite Inc Earnings Call"
"3633371_T",2011-01-29 00:04:14,2011-01-28 09:00:00,"Q4 2010 Provident Financial Services, Inc. Earnings Conference Call"
"953019_T",2004-10-28 19:29:46,2004-10-28 07:30:00,"Q3 2004 Verizon Earnings Conference Call"
"3743224_T",2011-02-17 17:50:47,2011-02-17 08:00:00,"Q4 2010 Orbital Sciences Corporation Earnings Conference Call"
"2162472_T",2009-06-02 16:24:20,2009-05-08 01:30:00,"FY 2009 Fuji Heavy Industries Earnings Presentation and Webcast (Japanese)"
"10722909_T",2017-07-31 14:49:32,2017-07-21 03:00:00,"Q2 2017 Kinnevik AB Earnings Call"
"2712398_T",2010-02-05 11:06:25,2010-02-04 15:30:00,"Q2 2010 Pro-Dex Incorporated Earnings Conference Call"
"7618608_T",2017-02-06 14:09:39,2017-02-02 07:30:00,"Q1 2017 Surmodics Inc Earnings Call"
"4911610_T",2012-10-18 17:03:07,2012-10-18 07:45:00,"Q3 2012 Union Pacific Earnings Conference Call"
"872718_T",2004-04-23 10:15:02,2004-04-22 16:00:00,"Q4 2004 Xilinx, Inc. Earnings Conference Call"
"1552566_T",2007-07-13 17:39:17,2007-05-23 16:00:00,"Q4 2007 Zarlink Earnings Conference Call"
"675307_T",2002-11-14 18:34:06,2002-11-14 16:00:00,"Q3 2003 NeoMagic Earnings Conference Call"
"2292059_T",2018-10-11 07:09:58,2009-07-30 09:00:00,"Q2 2009 Convergys Corporation Earnings Conference Call"
"12259040_T",2019-03-05 13:30:55,2019-01-22 04:59:00,"Q3 2019 L&T Finance Holdings Ltd Earnings Call"
"5834837_T",2015-10-29 17:15:36,2015-10-29 10:00:00,"Q3 2015 Grupo Financiero Santander Mexico SAB de CV Earnings Call"
"6076392_T",2016-08-08 09:55:38,2016-08-05 01:30:00,"Q1 2017 Sysmex Corp Earnings Call"
"5437411_T",2014-07-22 09:12:23,2014-07-22 08:00:00,"Q2 2014 TrustCo Bank Corp N Y Earnings Call"
"3478250_T",2010-11-01 19:26:53,2010-11-01 16:00:00,"Q3 2010 LookSmart Ltd. Earnings Conference Call"
"4220358_T",2011-10-27 12:32:15,2011-10-27 04:00:00,"Q3 2011 Randstad Holding NV Earnings Conference Call"
"1667714_T",2008-08-08 06:32:43,2007-11-02 08:00:00,"Q3 2007 Chemtura Corp. Earnings Conference Call"
"6062313_T",2016-08-02 02:11:04,2016-07-28 07:00:00,"Q2 2016 Neste Oyj Earnings Call"
"1606540_T",2007-07-26 18:41:07,2007-07-26 09:00:00,"Q2 2007 UPM-Kymmene Group Earnings Conference Call"
"5449203_T",2014-09-02 09:03:04,2014-08-07 08:00:00,"Q2 2014 Curis Inc Earnings Call"
"1545345_T",2007-05-09 21:19:50,2007-05-09 15:15:00,"Q1 2007 Cytogen Earnings Conference Call"
"2696130_T",2010-04-08 14:02:50,2010-02-02 07:30:00,"Q1 2010 Gladstone Capital Corp. Earnings Conference Call"
"1742037_T",2008-02-11 15:53:10,2008-02-07 10:00:00,"Q4 2007 Arch Chemicals, Inc. Earnings Conference Call"
"5757613_T",2015-07-30 17:45:25,2015-07-30 03:30:00,"Half Year 2015 Intu Properties PLC Earnings Call"
"4777362_T",2012-04-26 23:02:44,2012-04-26 09:30:00,"Q1 2012 Bristol-Myers Squibb Earnings Conference Call"
"11229444_T",2018-02-09 09:06:22,2018-02-08 15:30:00,"Q2 2018 Radiant Logistics Inc Earnings Call"
"6059389_T",2016-08-08 22:02:31,2016-08-08 15:30:00,"Q2 2016 ICU Medical Inc Earnings Call"
"12289016_T",2019-05-01 12:48:03,2019-04-26 09:00:00,"Q1 2019 Fleury SA Earnings Call"
"12282131_T",2019-02-23 09:01:10,2019-02-20 08:00:00,"Q4 2018 Telefonica Brasil SA Earnings Call"
"846192_T",2004-02-10 13:39:48,2004-02-10 09:00:00,"Q1 2004 SatCon Technology Corp. Earnings Conference Call"
"12321722_T",2019-03-04 01:37:19,2019-02-27 15:30:00,"Q4 2018 Teladoc Health Inc Earnings Call"
"6044823_T",2016-08-17 15:21:00,2016-08-17 10:00:00,"Q3 2016 Eaton Vance Corp Earnings Call"
"1601586_T",2007-07-26 14:09:44,2007-07-26 09:00:00,"Q2 2007 BE Semiconductor Industries Earnings Conference Call"
"1191812_T",2006-07-28 03:27:45,2006-07-27 10:00:00,"Q2 2006 Ryder System, Inc. Earnings Conference Call"
"11482138_T",2018-07-30 12:28:41,2018-07-27 02:00:00,"Half Year 2018 L'Oreal SA Earnings Call "
"10785113_T",2017-08-23 09:35:50,2017-08-09 08:00:00,"Q1 2018 Eicher Motors Ltd Earnings Call"
"5902230_T",2016-02-04 23:01:25,2016-02-03 07:00:00,"Q4 2015 CBRE Group Inc Earnings Call"
"1833058_T",2008-06-04 13:55:05,2008-05-19 02:00:00,"Q4 2008 Fuji Television Earnings Presentation (Japanese)"
"729889_T",2003-04-23 08:04:52,2003-04-22 10:00:00,"Q1 2003 Manufactured Home Communites, Inc. Earnings Conference Call"
"5277243_T",2014-02-04 23:42:21,2014-02-04 09:00:00,"Q4 2013 AGCO Earnings Conference Call"
"11190173_T",2018-06-04 21:07:55,2018-05-30 12:00:00,"Q2 2018 National Bank of Canada Earnings Call"
"5975689_T",2016-04-21 00:11:30,2016-04-20 07:30:00,"Q1 2016 Angie's List Inc Earnings Call"
"1236067_T",2006-05-12 09:46:07,2006-05-12 08:30:00,"Q4 2006 Westell Technologies Earnings Conference Call"
"3026356_T",2010-04-30 08:05:32,2010-04-29 08:00:00,"Q2 2010 Oshkosh Corporation Earnings Conference Call"
"5134068_T",2013-07-31 14:18:19,2013-07-31 09:00:00,"Q3 2013 Energizer, Inc. Earnings Conference Call"
"1315584_T",2006-05-11 23:05:17,2006-05-11 15:30:00,"Q1 2006 iVOW, Inc Earnings Conference Call"
"12074051_T",2018-11-30 15:33:59,2018-10-31 00:00:00,"Q2 2019 Astellas Pharma Inc Earnings Call"
"11273007_T",2018-03-05 13:06:23,2018-03-01 15:45:00,"Q4 2017 Nordstrom Inc Earnings Call"
"1522769_T",2007-04-26 23:09:41,2007-04-26 16:00:00,"Q1 2007 Lattice Semiconductor Earnings Conference Call"
"10207011_T",2017-05-16 07:41:38,2017-04-27 01:30:00,"Q1 2017 Nordea Bank AB Earnings Call and Press Conference"
"6054689_T",2016-07-22 11:06:35,2016-07-21 21:00:00,"Half Year 2016 Capitaland Mall Trust Earnings Presentation"
"5689966_T",2016-02-29 04:06:00,2015-05-01 09:00:00,"Q1 2015 Insperity Inc Earnings Call"
"5051568_T",2013-05-01 20:59:07,2013-05-01 12:30:00,"Q3 2013 Clorox Earnings Conference Call"
"6053084_T",2016-07-28 08:59:35,2016-07-26 16:00:00,"Q2 2016 Radisys Corp Earnings Call"
"3454386_T",2010-11-03 19:18:00,2010-11-03 09:00:00,"Q2 2011 Medical Action Industries Inc. Earnings Conference Call"
"4687424_T",2012-01-23 13:57:20,2012-01-09 09:00:00,"Q1 2012 Acuity Brands, Inc. Earnings Conference Call"
"1758348_T",2008-02-15 12:31:02,2008-02-15 08:00:00,"Q4 2007 Valmont Earnings Conference Call"
"2962124_T",2010-04-21 23:23:51,2010-04-21 16:00:00,"Q1 2010 Texas Capital Bancshares, Inc. Earnings Conference Call"
"1396343_T",2006-11-04 11:03:37,2006-11-03 10:00:00,"Q3 2006 Sun Communities Earnings Conference Call"
"4715392_T",2012-02-10 04:08:02,2012-02-08 10:00:00,"Q4 2011 HNI Corporation Earnings Conference Call"
"5601704_T",2015-02-16 01:54:46,2015-02-10 08:00:00,"Q4 2014 Compass Minerals International Inc Earnings Call"
"11009947_T",2017-12-20 17:10:54,2017-11-08 15:30:00,"Q3 2017 NV5 Global Inc Earnings Call"
"12426443_T",2019-04-03 00:04:42,2019-04-02 16:00:00,"Q4 2018 Dave & Buster's Entertainment Inc Earnings Call"
"2069871_T",2009-01-25 18:57:03,2009-01-23 10:00:00,"Q4 2008 GATX Corporation Earnings Conference Call"
"4858542_T",2012-08-09 13:33:56,2012-08-03 03:30:00,"Q1 2013 ALL NIPPON AIRWAYS CO LTD Earnings Conference Call and Webcast (Japanese)"
"1016653_T",2005-02-24 11:53:44,2005-02-24 09:00:00,"Q1 2005 CUNO, Inc. Earnings Conference Call"
"6000320_T",2016-05-12 23:58:39,2016-05-10 15:30:00,"Q1 2016 Fossil Group Inc Earnings Call"
"10440215_T",2017-05-18 10:21:03,2017-05-12 08:00:00,"Q1 2017 InfuSystem Holdings Inc Earnings Call"
"4944060_T",2012-11-06 15:22:45,2012-11-06 08:00:00,"Interim 2012/13 Marks and Spencer PLC Fixed Income Investor Conference Call"
"1351015_T",2006-07-20 12:33:08,2006-07-20 07:30:00,"Q2 2006 Avici Systems, Inc. Earnings Conference Call"
"3408120_T",2010-10-22 11:17:30,2010-10-21 07:30:00,"Q3 2010 United Parcel Service, Inc. Earnings Conference Call"
"2278495_T",2009-08-05 05:23:44,2009-08-04 08:30:00,"Q2 2009 Fresenius Medical Care Earnings Conference Call"
"1875958_T",2008-06-19 11:21:21,2008-06-19 09:00:00,"Q4 2008 Casella Waste Systems, Inc. Earnings Conference Call"
"4882651_T",2012-09-07 02:24:25,2012-09-06 15:30:00,"Q4 2012 Infoblox Inc Earnings Conference Call"
"1738599_T",2008-01-24 12:09:00,2008-01-24 08:00:00,"Q4 2007 ORC Software AB Earnings Conference Call (English)"
"1540679_T",2007-05-03 16:49:31,2007-05-03 10:00:00,"Q1 2007 Comfort Systems USA Earnings Conference Call"
"12441673_T",2019-03-28 21:10:09,2019-03-26 15:30:00,"Full Year 2018 Air Industries Group Earnings Call"
"3020286_T",2010-05-05 08:03:47,2010-05-04 07:30:00,"Q1 2010 MONOTYPE IMAGING HOLDINGS INC Earnings Conference Call"
"764371_T",2003-08-07 21:32:42,2003-08-07 12:00:00,"Q2 2003 Wild Oats Markets Earnings Conference Call"
"5441950_T",2014-07-23 11:15:24,2014-07-22 10:00:00,"Q4 2014 Neogen Corp Earnings Call"
"5005763_T",2013-02-12 22:47:23,2013-02-12 16:30:00,"Q4 2012 TranSwitch Corp. Earnings Conference Call"
"5128805_T",2013-07-30 17:15:21,2013-07-30 10:00:00,"Q2 2013 Libbey Earnings Conference Call"
"10736559_T",2017-08-13 02:56:05,2017-08-08 09:00:00,"Q2 2017 Sonae Sierra Brasil SA Earnings Call"
"2008017_T",2008-10-31 09:00:29,2008-10-31 07:30:00,"Q3 2008 Dresser-Rand Group Inc. Earnings Conference Call"
"1545421_T",2007-05-10 16:26:39,2007-05-10 09:00:00,"Q1 2007 Cenveo Earnings Conference Call"
"7464783_T",2017-02-28 21:13:22,2017-01-31 07:30:00,"Q1 2017 Scotts Miracle-Gro Co Earnings Call"
"4982306_T",2013-07-17 16:59:09,2013-07-17 10:00:00,"Q2 2013 Localiza Rent A Car SA Earnings Conference Call (English)"
"5440873_T",2014-08-08 14:03:14,2014-08-08 09:00:00,"Q2 2014 LSB Industries Inc Earnings Call"
"1673742_T",2007-11-01 14:42:13,2007-11-01 09:00:00,"Q3 2007 Gaylord Entertainment Co. Earnings Conference Call"
"11492568_T",2018-05-09 10:56:03,2018-05-08 07:00:00,"Q1 2018 Aralez Pharmaceuticals Inc Earnings Call"
"1410295_T",2006-11-04 09:25:04,2006-11-02 15:30:00,"Q3 2006 Parkervision, Inc. Earnings Conference Call"
"5008715_T",2013-02-13 02:35:24,2013-02-12 17:30:00,"Interim 2013 BORAL LTD NEW Earnings Presentation"
"1753426_T",2008-02-08 11:34:17,2008-02-08 09:00:00,"Q3 2008 U S-China Industrial Ex. Earnings Conference Call"
"6129331_T",2016-10-27 19:30:35,2016-10-27 08:00:00,"Q3 2016 Build-A-Bear Workshop Inc Earnings Call"
"5640803_T",2015-03-06 01:50:30,2015-03-05 09:30:00,"Q1 2015 Bio-Reference Laboratories Inc Earnings Call"
"5507103_T",2014-11-07 09:04:35,2014-11-05 07:30:00,"Q3 2014 Tim Participacoes SA Earnings Call"
"11322749_T",2018-04-30 02:22:41,2018-04-26 04:00:00,"Q1 2018 Orange Polska SA Earnings Call"
"5766449_T",2015-08-13 09:29:02,2015-08-06 15:30:00,"Q2 2015 PROS Holdings Inc Earnings Call"
"3228106_T",2010-08-05 15:16:24,2010-08-05 10:00:00,"Q2 2010 FPIC Insurance Group, Inc. Earnings Conference Call"
"5262423_T",2014-02-23 21:28:44,2014-02-17 21:00:00,"December 2013 Japan Excellent Inc Earnings Presentation (Japanese)"
"5897426_T",2016-01-29 14:29:25,2016-01-28 16:00:00,"Q2 2016 Western Digital Corp Earnings Call"
"6064404_T",2016-08-24 13:40:50,2016-08-04 09:00:00,"Q2 2016 NorthStar Asset Management Group Inc Earnings Call"
"3964847_T",2011-04-28 21:12:21,2011-04-28 16:00:00,"Q1 2011 Alaska Communications Systems Group Inc Earnings Conference Call"
"1543918_T",2007-05-05 10:37:02,2007-05-04 09:30:00,"Q1 2007 Allis-Chalmers Energy Inc. Earnings Conference Call"
"622442_T",2002-04-23 10:23:06,2002-04-22 08:30:00,"Q1 2002 HCA, Inc. Earnings Conference Call"
"12511370_T",2019-05-11 21:05:29,2019-05-08 16:00:00,"Q1 2019 Stamps.Com Inc Earnings Call"
"2727827_T",2010-02-23 07:49:13,2010-02-15 03:30:00,"Full Year 2009 Air Liquide SA Earnings Conference Call (in English or in French via simultaneous translation)"
"5807387_T",2015-08-28 11:39:32,2015-08-28 03:00:00,"Half Year 2015 Elia System Operator SA Earnings Call"
"5345447_T",2014-06-16 09:52:13,2014-05-07 09:00:00,"Q1 2014 Iguatemi Empresa de Shopping Centers SA Earnings Conference Call (English)"
"6010467_T",2016-05-13 00:23:40,2016-05-12 09:00:00,"Q1 2016 Middleby Corp Earnings Call"
"1747676_T",2008-02-28 17:26:31,2008-02-28 09:00:00,"Q4 2007 Strategic Hotels and Resorts Earnings Conference Call"
"5941860_T",2016-03-10 17:19:13,2016-03-10 02:30:00,"Full Year 2015 Atrium European Real Estate Ltd Earnings Call"
"1580928_T",2007-08-23 11:21:58,2007-08-23 10:00:00,"Q2 FY2008 Astro-Med, Inc. Earnings Conference Call"
"5738343_T",2015-06-11 08:47:27,2015-06-09 07:00:00,"Q4 2014 iKang Healthcare Group Inc Earnings Call"
"4989853_T",2013-02-19 20:16:14,2013-02-19 15:30:00,"Q4 2012 Limelight Networks, Inc. Earnings Conference Call"
"3245034_T",2017-06-20 16:14:26,2010-08-05 15:30:00,"Q2 2010 Radiant Systems Earnings Conference Call"
"5700078_T",2015-05-13 04:24:54,2015-05-07 07:00:00,"Q1 2015 China Yuchai International Ltd Earnings Call"
"12359719_T",2019-03-21 19:25:23,2019-03-14 08:00:00,"Q4 2018 AstroNova Inc Earnings Call"
"3978717_T",2011-05-03 22:05:58,2011-05-03 16:00:00,"Q3 2011 Oplink Communications Inc Earnings Conference Call"
"5930955_T",2016-02-24 23:04:37,2016-02-23 19:00:00,"Q4 2015 Petronas Chemicals Group Bhd Earnings Call"
"5758694_T",2015-07-28 21:15:58,2015-07-28 15:30:00,"Q2 2015 Akamai Technologies Inc Earnings Call"
"5391112_T",2014-05-28 14:52:23,2014-05-28 10:00:00,"Q1 2014 Eurobank Ergasias SA Earnings Conference Call"
"9680843_T",2017-03-23 18:17:34,2017-03-22 05:00:00,"Full Year 2016 Cheung Kong Property Holdings Ltd Earnings Presentation"
"4935198_T",2012-11-16 14:23:12,2012-11-01 12:00:00,"Q3 2012 DJO Global Inc Earnings Conference Call"
"4682648_T",2012-01-17 10:04:19,2011-12-07 03:30:00,"Interim 2011 DS Smith PLC Earnings Conference Call (Listen Only)"
"1735342_T",2008-01-22 09:51:33,2008-01-22 08:00:00,"Q4 2007 Integra Bank Corporation Earnings Conference Call"
"3984866_T",2011-06-27 15:34:59,2011-06-02 15:30:00,"Q2 2011 Verifone Systems Inc Earnings Conference Call"
"3312922_T",2010-10-28 14:11:58,2010-10-28 09:30:00,"Q3 2010 Avista Corporation Earnings Conference Call"
"5297975_T",2017-04-05 15:33:48,2014-01-24 10:00:00,"Q4 2013 Heritage Oaks Bancorp Earnings Conference Call"
"3917309_T",2011-04-25 18:28:05,2011-04-21 16:00:00,"Q1 2011 City National Corp Earnings Conference Call"
"12069251_T",2018-11-14 18:28:10,2018-11-06 07:30:00,"Q3 2018 Nuverra Environmental Solutions Inc Earnings Call"
"11268579_T",2018-03-21 12:31:04,2018-03-20 10:50:00,"Q4 2017 Alpha Bank SA Earnings Call"
"2186104_T",2009-07-14 03:40:21,2009-04-28 06:30:00,"Q1 2009 Kesko Oyj Earnings Conference Call"
"1099395_T",2006-05-02 20:57:28,2006-05-02 16:00:00,"Q4 2006 Plantronics, Inc. Earnings Conference Call"
"12211747_T",2019-02-18 08:31:30,2019-02-15 09:00:00,"Q1 2019 Deere & Co Earnings Call"
"1039874_T",2005-04-19 15:36:39,2005-04-19 07:30:00,"Q1 2005 Everest Re Group, Ltd. Earnings Conference Call"
"5518265_T",2014-12-01 15:19:41,2014-10-30 09:00:00,"Q3 & 9M 2014 Novatek OAO Earnings Call (IFRS)"
"5741119_T",2015-12-01 13:44:02,2015-06-05 09:00:00,"Q1 2015 Claire's Stores Inc Earnings Call"
"5951480_T",2016-03-23 00:23:45,2016-03-22 03:30:00,"Half Year 2016 Wolseley PLC Earnings Presentation"
"1835339_T",2008-05-22 11:42:33,2008-05-22 07:00:00,"Q1 2008 AnnTaylor Stores Earnings Conference Call"
"1101096_T",2005-08-09 18:34:17,2005-08-09 16:00:00,"Q1 2006 Atari Inc. Earnings Conference Call"
"5280787_T",2014-02-18 15:54:49,2014-02-18 12:00:00,"Q4 2013 KAISER ALUMINUM CORP Earnings Conference Call"
"5144480_T",2013-08-07 07:23:30,2013-08-06 16:00:00,"Q2 2013 XenoPort, Inc. Earnings Conference Call"
"1119057_T",2005-08-15 16:17:38,2005-08-12 08:00:00,"Q2 2005 Cinemark USA, Inc Earnings Conference Call"
"5841725_T",2015-10-28 14:59:44,2015-10-28 08:30:00,"Q3 2015 Altice NV & Numericable Sfr SA Earnings Call"
"995775_T",2005-02-11 14:23:37,2005-02-03 10:00:00,"Q4 2004 Bankrate, Inc. Earnings Presentation"
"10839652_T",2017-08-24 07:06:00,2017-08-23 16:00:00,"Q2 2017 ImmunoCellular Therapeutics Ltd Earnings Call"
"4805590_T",2012-05-24 10:07:01,2012-05-23 08:00:00,"Q1 2012 American Eagle Outfitters Inc Earnings Conference Call"
"3948170_T",2011-04-28 21:29:02,2011-04-28 15:45:00,"Q1 2011 Digital River Inc Earnings Conference Call"
"2745582_T",2010-02-22 14:48:38,2010-02-22 09:00:00,"Q2 2010 Campbell Soup Earnings Conference Call"
"792422_T",2003-10-17 12:21:24,2003-10-17 09:00:00,"Q3 2003 Wilmington Trust Earnings Conference Call"
"4840231_T",2014-02-03 13:02:01,2012-06-13 03:30:00,"Annual 2012 Digital China Holdings Ltd Earnings Conference Call"
"798025_T",2003-10-21 23:21:45,2003-10-21 15:45:00,"Q3 2003 Sirenza Microdevices Earnings Conference Call"
"11003278_T",2017-10-26 18:41:10,2017-10-26 07:00:00,"Q2 2018 McKesson Corp Earnings Call"
"1726088_T",2008-02-05 02:40:09,2008-02-04 14:00:00,"Q4 2007 Crawford & Company Earnings Conference Call"
"5273625_T",2014-02-12 23:25:57,2014-02-12 16:00:00,"Q4 2013 iPass Inc. Earnings Conference Call"
"3449346_T",2010-10-27 08:46:16,2010-10-27 08:00:00,"Q3 2010 Getty Realty Earnings Conference Call"
"1098577_T",2005-07-25 15:33:31,2005-07-21 07:00:00,"Q1 2006 Logitech International Earnings Conference Call"
"12506229_T",2019-05-10 00:50:08,2019-05-06 15:30:00,"Q1 2019 Fiesta Restaurant Group Inc Earnings Call"
"2170355_T",2009-04-24 16:45:58,2009-04-24 10:00:00,"Q1 2009 ENCORE BANCSHARES INC Earnings Conference Call"
"948885_T",2004-10-18 12:48:25,2004-10-18 10:30:00,"Q3 2004 Barnes Group Earnings Conference Call"
"794715_T",2003-10-24 01:08:28,2003-10-23 16:00:00,"Q2 2004 Applied Micro Circuits Corporation Earnings Conference Call"
"2720387_T",2010-02-24 09:28:40,2010-02-23 10:00:00,"Q4 2009 Sonic Automotive Earnings Conference Call"
"3208665_T",2010-07-21 09:17:17,2010-07-20 15:45:00,"Q2 2010 Altera Corporation Earnings Conference Call"
"689938_T",2002-12-19 13:25:26,2002-12-19 08:30:00,"Q4 2002 Lehman Brothers Earnings Conference Call"
"3054502_T",2010-05-11 16:39:49,2010-05-11 11:00:00,"Q2 2010 ADDvantage Technologies Group, Inc. Earnings Conference Call"
"5319751_T",2014-03-20 13:28:03,2014-03-20 06:30:00,"Full Year 2013 Flughafen Zuerich AG Earnings Conference Call"
"4170155_T",2011-08-02 09:40:48,2011-08-02 03:15:00,"Interim 2011 Weir Group plc Earnings Presentation"
"5774305_T",2015-08-11 10:55:32,2015-08-11 07:30:00,"Q2 2015 ConforMIS Inc Earnings Call"
"10085132_T",2017-04-18 14:25:07,2017-04-18 10:00:00,"Q1 2017 First Defiance Financial Corp Earnings Call"
"789277_T",2003-10-30 11:04:13,2003-10-30 09:00:00,"Q3 2003 American Axle & Manufacturing Holdings Earnings Conference Call"
"1831686_T",2008-05-07 10:46:46,2008-05-06 09:00:00,"Q1 2008 Innophos Earnings Conference Call"
"3186542_T",2017-11-07 09:31:20,2010-07-22 13:00:00,"Q2 2010 Pacific Continental Corporation Earnings Conference Call"
"12184035_T",2018-11-19 08:31:49,2018-11-08 07:30:00,"Q3 2018 Yellow Pages Ltd Earnings Call"
"7566845_T",2017-02-27 11:14:59,2017-02-16 08:00:00,"Q4 2016 Huntington Ingalls Industries Inc Earnings Call"
"1134827_T",2005-11-11 12:23:26,2005-11-11 10:00:00,"Q3 2005 Associated Materials Incorporated Earnings Conference Call"
"1117646_T",2005-08-18 15:58:34,2005-08-12 03:00:00,"Q2 2005 Boss Media AB Earnings Conference Call"
"4933297_T",2012-11-06 20:00:49,2012-11-06 11:00:00,"Q3 2012 Dish Network Corp Earnings Conference Call"
"765580_T",2003-07-22 11:15:28,2003-07-22 03:00:00,"Q2 2003 IBS AB Earnings Conference Call"
"6126374_T",2016-11-18 17:00:52,2016-10-25 10:00:00,"Q3 2016 First Interstate BancSystem Inc Earnings Call"
"2710089_T",2010-06-21 14:47:45,2010-05-05 16:00:00,"Q4 2010 Symantec Earnings Conference Call"
"916015_T",2004-07-30 08:42:02,2004-07-29 16:00:00,"Q2 2004 CoSine Communications Earnings Conference Call"
"1997196_T",2008-10-23 11:51:17,2008-10-23 08:00:00,"Q3 2008 Friedman Billings Ramsey Earnings Conference Call"
"1127757_T",2005-10-20 10:31:46,2005-10-20 07:30:00,"Q3 2005 Eli Lilly Earnings Conference Call"
"5843514_T",2016-02-19 22:51:03,2015-10-29 15:30:00,"Q3 2015 PCM Inc Earnings Call"
"5867919_T",2016-07-27 17:00:04,2016-07-27 11:00:00,"Half Year 2016 Moncler SpA Earnings Call"
"2034546_T",2009-02-05 15:11:48,2009-02-05 07:30:00,"Q2 2009 Cardinal Health, Inc. Earnings Conference Call"
"1105547_T",2005-07-29 05:45:04,2005-07-28 09:00:00,"Q2 2005 Van der Moolen N.V. Earnings Conference Call"
"1206803_T",2006-02-07 19:10:45,2006-02-07 10:00:00,"Q4 2005 Thomas & Betts Earnings Conference Call"
"2250412_T",2009-06-04 11:26:41,2009-06-04 09:00:00,"Q3 2009 KMG Chemicals Earnings Conference Call"
"5522287_T",2014-11-06 19:23:46,2014-11-06 15:30:00,"Q3 2014 Raptor Pharmaceutical Corp Earnings Call"
"1908500_T",2008-08-09 00:48:03,2008-08-07 10:00:00,"Q2 2008 SUSSER HOLDINGS CORP Earnings Conference Call"
"643855_T",2002-07-11 13:02:01,2002-07-11 10:00:00,"Q2 2002 E.W. Scripps Earnings Conference Call"
"12354100_T",2019-03-22 19:10:37,2019-03-14 07:00:00,"Q4 2018 GreenTree Hospitality Group Ltd Earnings Call"
"5884626_T",2017-10-18 07:48:56,2016-08-10 04:00:00,"Q2 2016 E.ON SE Earnings Call"
"2158514_T",2009-06-22 15:13:14,2009-05-05 10:00:00,"Q1 2009 Herbalife Ltd. Earnings Conference Call"
"848718_T",2004-02-17 15:15:58,2004-02-12 08:00:00,"Q4 2003 ForeningsSparbanken AB Earnings Conference Call"
"1121184_T",2005-08-19 12:05:06,2005-08-19 10:00:00,"Q2 2005 Lojas Americanas Earnings Conference Call"
"10370445_T",2017-06-05 15:20:56,2017-05-10 15:30:00,"Q1 2017 Real Goods Solar Inc Earnings Call"
"1454445_T",2007-02-21 13:13:40,2007-02-21 10:00:00,"Q4 2006 IHOP Earnings Conference Call"
"10731483_T",2017-08-11 20:56:05,2017-08-08 10:00:00,"Q2 2017 WhiteHorse Finance Inc Earnings Call"
"11468260_T",2018-05-24 21:13:33,2018-05-17 05:00:00,"Full Year 2018 Wincanton PLC Earnings Call"
"666948_T",2002-10-24 19:23:49,2002-10-24 13:30:00,"Q4 2002 Alberto-Culver Earnings Conference Call"
"1286841_T",2006-04-26 00:08:24,2006-04-25 16:00:00,"Q1 2006 CSG Systems, Inc. Earnings Conference Call"
"3751259_T",2011-03-02 02:24:20,2011-03-01 20:30:00,"Q4 and Full Year 2010 Shanda Interactive Entertainment Ltd. Earnings Conference Call"
"1159008_T",2005-11-09 11:17:52,2005-11-09 05:00:00,"Q3 2005 Sponda Plc Earnings Conference Call"
"3193900_T",2010-07-28 01:58:24,2010-07-27 10:00:00,"Q2 2010 Valero Energy Corp. Earnings Conference Call"
"3298181_T",2010-08-26 22:30:22,2010-08-26 05:00:00,"Q2 2010 CHUNGHWA TELECOM CO LTD Earnings Conference Call"
"12530940_T",2019-05-13 20:06:54,2019-05-09 16:00:00,"Q1 2019 Adamis Pharmaceuticals Corp Earnings Call"
"10736244_T",2017-08-24 15:11:14,2017-08-03 09:00:00,"Q2 2017 Delek US Holdings Inc Earnings Call"
"4014785_T",2011-05-06 14:00:43,2011-05-06 10:00:00,"Q1 2011 Reis Inc Earnings Conference Call"
"2332683_T",2009-07-31 08:10:57,2009-07-30 15:30:00,"Q3 09 Franklin Resources Earnings Q&A Conference Call"
"949941_T",2004-11-18 11:24:36,2004-11-18 09:00:00,"Q4 2004 Medcath Corporation Earnings Conference Call"
"5122605_T",2013-08-16 13:53:51,2013-07-29 16:00:00,"Q2 2013 Vertex Pharmaceuticals Incorporated Earnings Conference Call"
"955956_T",2004-10-27 17:49:40,2004-10-27 16:00:00,"Q3 2004 Quidel Corporation Earnings Conference Call"
"4169680_T",2011-09-30 16:01:41,2011-09-07 09:00:00,"Q2 2011 Talbots Inc Earnings Conference Call"
"672260_T",2002-11-06 21:12:09,2002-11-05 13:30:00,"Q4 2002 Emerson Electric Earnings Conference Call"
"5858686_T",2015-11-06 12:04:33,2015-11-06 07:00:00,"Q3 2015 Lexicon Pharmaceuticals Inc Earnings Call"
"1229193_T",2006-03-29 10:56:28,2006-03-15 10:00:00,"Fourth Quarter 2005 Callon Petroleum Results of Operations Conference Call"
"10751433_T",2017-08-15 23:20:49,2017-08-10 07:00:00,"Q2 2017 China Yuchai International Ltd Earnings Call"
"953027_T",2004-11-02 10:13:57,2004-11-02 08:00:00,"Q3 2004 Citizens Communications Co. Earnings Conference Call"
"2642471_T",2010-01-15 04:31:23,2010-01-14 14:30:00,"Q1 2010 Shaw Communications Earnings Conference Call"
"1977166_T",2008-10-21 15:07:22,2008-10-21 10:00:00,"Q3 2008 First Defiance Financial Corp. Earnings Conference Call"
"11304068_T",2018-02-28 17:11:23,2018-02-27 16:00:00,"Q4 2017 Acceleron Pharma Inc Earnings Call"
"1822744_T",2008-04-29 22:54:31,2008-04-29 13:00:00,"Q1 2008 Guaranty Financial Group, Inc. Earnings Conference Call"
"3630233_T",2011-01-20 01:33:41,2011-01-19 16:30:00,"Q4 2010 Fifth Third Bancorp Earnings Conference Call"
"5783989_T",2016-02-25 23:35:38,2016-02-25 07:00:00,"Q4 2015 Bayer AG Earnings Call"
"5985367_T",2016-04-28 01:59:28,2016-04-26 08:00:00,"Q3 2016 II-VI Inc Earnings Call"
"4932174_T",2012-10-31 15:31:58,2012-10-31 08:00:00,"Q3 2012 Anheuser-Busch Inbev Earnings Conference Call"
"4873100_T",2012-08-06 02:55:26,2012-08-03 09:30:00,"Q2 2012 Telephone and Data Systems and U.S. Cellular Earnings Conference Call"
"5684521_T",2015-05-01 15:44:50,2015-04-23 07:30:00,"Q3 2015 Unifi Inc Earnings Call"
"5923107_T",2016-02-10 11:28:14,2016-02-10 02:00:00,"Q4 2015 Carlsberg A/S Earnings Call"
"1208384_T",2006-02-14 18:37:24,2006-02-14 16:00:00,"Q3 2006 Ansoft Corp Earnings Conference Call"
"5020868_T",2013-02-26 19:59:02,2013-02-26 03:15:00,"FY 2012 SEMBCORP INDUSTRIES Earnings Presentation"
"2966955_T",2010-04-26 22:32:59,2010-04-26 16:00:00,"Q1 2010 Heartland Financial USA, Inc. Earnings Conference Call"
"4711310_T",2012-02-22 16:13:54,2012-02-22 11:00:00,"Q4 2011 Sunstone Hotel Investors, Inc. Earnings Conference Call"
"5767126_T",2015-07-24 13:38:57,2015-07-24 08:00:00,"Q2 2015 Encana Corporation Earnings Call"
"1017383_T",2005-02-25 12:23:49,2005-02-25 10:00:00,"Q4 2004 Natus Medical Incorporated Earnings Conference Call"
"5235092_T",2013-11-25 09:37:37,2013-11-25 07:30:00,"Q4 2013 Enanta Pharmaceuticals Inc Earnings Conference Call"
"2358580_T",2009-08-18 07:55:28,2009-08-13 15:30:00,"Q2 2009 Ticketmaster Entertainment, Inc. Earnings Conference Call"
"6060180_T",2016-07-29 13:24:30,2016-07-29 02:00:00,"Half Year 2016 Electricite de France SA Earnings Call"
"5275559_T",2014-02-07 03:39:59,2014-02-03 02:30:00,"Full Year 2013 Otsuka Corp Earnings Presentation (Japanese)"
"10748272_T",2017-08-31 16:55:49,2017-08-09 09:00:00,"Q2 2017 Stella-Jones Inc Earnings Call"
"1604929_T",2007-08-03 12:02:23,2007-08-02 16:15:00,"Q2 2007 TECHWELL INC Earnings Conference Call"
"5760839_T",2015-08-27 03:26:31,2015-08-06 08:00:00,"Q2 2015 FMC Corp Earnings Call"
"1450891_T",2007-01-30 08:00:41,2007-01-24 12:00:00,"Q4 2006 AMB Property Corporation Earnings Conference Call"
"4988670_T",2013-02-05 13:39:31,2013-02-05 08:00:00,"Q4 2012 Vishay Intertechnology, Inc. Earnings Conference Call"
"5915464_T",2016-02-20 01:47:05,2016-02-19 10:00:00,"Q4 2015 Trinity Industries Inc Earnings Call"
"10271399_T",2017-05-01 18:26:52,2017-04-27 22:30:00,"Full Year 2017 Biocon Ltd Earnings Call"
"5654238_T",2015-04-10 08:38:01,2015-03-11 15:30:00,"Q4 2014 Numerex Corp Earnings Call"
"5357677_T",2014-05-02 15:15:00,2014-05-02 09:00:00,"Q1 2014 Haverty Furniture Companies, Inc. Earnings Conference Call"
"1410955_T",2007-01-25 13:17:58,2006-11-08 09:00:00,"Q3 2006 FirstCity Financial Earnings Conference Call"
"10840439_T",2017-08-22 11:31:07,2017-08-16 04:30:00,"Half Year 2017 Kendrion NV Earnings Call"
"12517835_T",2019-05-12 20:53:12,2019-05-08 09:00:00,"Q1 2019 Premier Gold Mines Ltd Earnings Call"
"6003835_T",2016-05-12 16:32:29,2016-05-12 11:00:00,"Q1 2016 Crescent Point Energy Corp Earnings Call"
"996572_T",2005-01-26 12:20:28,2005-01-26 10:00:00,"Q4 2004 BankAtlantic Bancorp A Earnings Conference Call"
"10689360_T",2017-08-13 12:52:46,2017-07-27 09:30:00,"Q2 2017 EQT Corp Earnings Call "
"838466_T",2004-01-21 21:28:13,2004-01-21 16:30:00,"Q1 2004 Hummingbird Earnings Conference Call"
"5524237_T",2014-11-10 11:58:16,2014-11-07 11:00:00,"Q3 2014 William Lyon Homes Earnings Call"
"5285739_T",2014-02-17 11:10:25,2014-02-11 11:00:00,"Q4 2013 Entercom Communications Earnings Conference Call"
"2355174_T",2009-10-29 09:13:33,2009-10-29 04:00:00,"Q3 2009 CSR plc Earnings Conference Call"
"7558400_T",2017-02-07 14:10:23,2017-02-07 07:00:00,"Q4 2016 BNP Paribas SA Earnings Call"
"2246654_T",2009-06-29 11:39:10,2009-06-04 16:00:00,"Q1 2009 Ulta Salon, Cosmetics & Fragrance, Inc. Earnings Conference Call"
"1000190_T",2005-01-14 14:16:59,2005-01-14 11:00:00,"Q4 2004 Concorde Career Colleges Inc. Preliminary Earnings Conference Call"
"7503256_T",2017-02-02 17:40:50,2017-02-02 13:30:00,"Q3 2017 Saputo Inc Earnings Call"
"10861934_T",2017-08-24 11:06:07,2017-08-23 20:00:00,"Full Year 2017 Resolute Mining Ltd Earnings Call"
"12430152_T",2019-04-03 21:53:24,2019-03-28 09:30:00,"Q4 2018 UQM Technologies Inc Earnings Call"
"836193_T",2004-02-04 14:39:57,2004-02-04 10:00:00,"Q4 2003 Silgan Hldgs Inc Earnings Conference Call"
"11730405_T",2018-08-29 00:46:16,2018-08-10 09:00:00,"Q2 2018 RNI Negocios Imobiliarios SA Earnings Call"
"1847622_T",2008-05-21 06:03:22,2008-05-15 16:00:00,"Q1 2008 River Rock Casinos Earnings Conference Call"
"667150_T",2002-10-18 21:14:27,2002-10-17 16:00:00,"Q3 2002 i2 Technologies Earnings Conference Call"
"5187854_T",2013-10-31 16:09:34,2013-10-31 09:00:00,"Q3 2013 Marathon Petroleum Corporation Earnings Conference Call"
"5277687_T",2014-02-05 17:23:36,2014-02-05 10:00:00,"Q3 2014 Speed Commerce Inc Earnings Conference Call"
"5834891_T",2015-11-19 22:53:25,2015-11-03 16:30:00,"Q3 2015 Globus Medical Inc Earnings Call"
"10283480_T",2017-05-12 14:00:58,2017-05-04 12:00:00,"Q1 2017 B2Gold Corp Earnings Call"
"4985567_T",2013-02-01 15:59:33,2013-02-01 09:00:00,"Q1 2013 Span-America Medical Systems Inc Earnings Conference Call"
"2979523_T",2018-01-03 07:33:43,2010-07-28 07:25:00,"Q2 2010 The Timberland Company Earnings Conference Call"
"1821636_T",2008-04-24 17:35:23,2008-04-24 10:00:00,"Q1 2008 FMC Corporation Earnings Conference Call"
"11005145_T",2017-11-11 05:41:11,2017-11-08 09:00:00,"Q3 2017 Olympic Steel Inc Earnings Call"
"6382196_T",2016-11-15 03:03:32,2016-11-14 19:00:00,"Q1 2017 Hollysys Automation Technologies Ltd Earnings Call"
"742168_T",2003-05-13 18:22:39,2003-05-13 08:00:00,"Q1 2003 International Power Earnings Conference Call"
"11267145_T",2018-09-06 15:22:03,2018-08-22 09:00:00,"Q2 2018 Banco de Bogota SA Earnings Call"
"2124249_T",2009-03-11 22:26:12,2009-03-11 16:00:00,"Q1 2009 Navistar International Earnings Conference Call"
"5354690_T",2014-06-24 14:15:28,2014-05-01 16:00:00,"Q1 2014 Einstein Noah Restaurant Group Inc Earnings Conference Call"
"5231367_T",2015-03-13 01:36:32,2015-03-12 04:00:00,"Full Year 2014 Volkswagen AG Earnings Media and Investor Conference"
"3024130_T",2010-05-06 10:15:14,2010-05-05 16:00:00,"Q1 2010 ON Semiconductor Corporation Earnings Conference Call"
"4712292_T",2012-02-22 18:49:54,2012-02-22 15:30:00,"Q4 2011 SeaBright Holdings Inc Earnings Conference Call"
"6062595_T",2017-04-27 19:02:18,2016-08-09 15:30:00,"Q2 2016 Arcadia Biosciences Inc Earnings Call"
"1015166_T",2005-02-10 16:56:57,2005-02-09 09:00:00,"Q3 2005 ATS Automation Tooling Systems Inc Earnings Conference Call"
"868175_T",2004-05-07 23:18:21,2004-05-07 09:00:00,"Q1 2004 Braskem, S.A. Earnings Conference Call"
"4211094_T",2011-11-08 10:51:52,2011-11-03 15:30:00,"Q3 2011 SunPower Corp Earnings Conference Call"
"766463_T",2003-08-19 21:37:39,2003-08-19 16:00:00,"Q1 2004 Agile Software Earnings Conference Call"
"996433_T",2005-01-24 17:47:43,2005-01-24 10:00:00,"Q1 2005 Pilgrim's Pride Earnings Conference Call"
"11204897_T",2018-02-15 19:55:26,2018-02-02 08:00:00,"Q4 2017 Marlin Business Services Corp Earnings Call"
"5025047_T",2014-02-03 13:09:11,2013-01-27 02:00:00,"Q4 2012 Commercial Bank of Qatar QSC Earnings Conference Call"
"2137053_T",2009-06-30 21:10:21,2009-06-30 15:30:00,"Q3 2009 FSI International Earnings Conference Call"
"5980242_T",2016-05-12 22:31:14,2016-05-12 08:00:00,"Q1 2016 Nexon Co Ltd Earnings Call"
"10996639_T",2017-10-31 06:50:46,2017-10-26 07:00:00,"Q3 2017 Autoliv Inc Earnings Call"
"6055497_T",2016-08-01 08:18:43,2016-07-25 16:00:00,"Q2 2016 Electronics for Imaging Inc Earnings Call"
"2995474_T",2010-04-27 12:23:05,2010-04-27 07:30:00,"Q1 2010 Corn Products International Earnings Conference Call"
"802103_T",2003-11-03 16:45:26,2003-11-03 15:30:00,"Q3 2003 NovAtel Earnings Conference Call"
"2184515_T",2009-04-29 11:09:01,2009-04-29 02:00:00,"Q1 2009 Nordea Bank AB Earnings Presentation"
"11767286_T",2018-08-30 18:52:05,2018-08-14 16:00:00,"Q2 2018 InnerWorkings Inc Earnings Call"
"1122754_T",2005-08-25 13:56:44,2005-08-24 08:00:00,"Q2 2005 Frontline Ltd. Earnings Conference Call"
"12085768_T",2018-12-03 07:29:24,2018-10-31 09:30:00,"Q3 2018 GlaxoSmithKline PLC Earnings Call"
"3431030_T",2010-10-28 16:29:39,2010-10-28 15:00:00,"Q3 2010 Tollgrade Communications Earnings Conference Call"
"11472392_T",2018-05-01 21:11:59,2018-04-26 10:00:00,"Q1 2018 Trinity Industries Inc Earnings Call"
"1838590_T",2008-05-08 15:26:23,2008-05-08 09:00:00,"Q1 2008 FORTRESS INVESTMENT GROUP LLC Earnings Conference Call"
"1546591_T",2007-05-17 13:43:21,2007-05-14 16:00:00,"Q1 2007 ICF International Inc Earnings Conference Call"
"3212743_T",2010-07-28 17:08:31,2010-07-28 07:30:00,"Q2 2010 The Medicines Company Earnings Conference Call"
"2067687_T",2009-02-05 17:09:57,2009-02-05 13:00:00,"Q4 2008 Belo Earnings Conference Call"
"5274251_T",2014-02-17 16:36:30,2014-02-13 16:00:00,"Q4 2013 LOGMEIN Earnings Conference Call"
"7044364_T",2017-02-08 16:08:10,2017-02-08 09:00:00,"Q4 2016 Pioneer Natural Resources Co Earnings Call"
"5273120_T",2014-06-19 10:53:14,2014-06-18 13:00:00,"Q4 2014 Sao Martinho SA Earnings Conference Call"
"6087968_T",2017-06-08 02:04:09,2016-08-17 02:30:00,"Half Year 2016 Delta Lloyd NV Earnings Call"
"5125771_T",2013-07-25 13:12:30,2013-07-25 09:00:00,"Q2 2013 Diamond Offshore Drilling Inc. Earnings Conference Call"
"955969_T",2004-11-04 12:29:32,2004-11-04 08:30:00,"Q3 2004 US Concrete Inc. Earnings Conference Call"
"6128678_T",2016-11-23 13:20:51,2016-10-27 15:30:00,"Q3 2016 PC Connection Inc Earnings Call"
"1915161_T",2008-08-11 17:33:35,2008-08-11 15:30:00,"Q2 2008 Hypercom Corporation Earnings Conference Call"
"12299342_T",2019-02-17 20:39:38,2019-02-14 08:30:00,"Q4 2018 Axtel SAB de CV Earnings Call"
"5831478_T",2017-03-30 04:49:18,2015-11-05 07:00:00,"Q3 2015 Pacific Exploration and Production Corporation Earnings Call"
"5658191_T",2015-03-18 15:18:41,2015-03-18 09:00:00,"Q4 2014 Claire's Stores Inc Earnings Call"
"10698297_T",2017-08-11 18:11:04,2017-07-26 11:30:00,"Q2 2017 Hope Bancorp Inc Earnings Call"
"669957_T",2002-11-14 19:34:10,2002-11-07 16:00:00,"Q4 2002 Digi International Earnings Conference Call"
"2109520_T",2009-03-02 19:58:25,2009-03-02 16:00:00,"Q4 2008 Carrols Restaurant Group Earnings Conference Call"
"3220391_T",2010-08-04 11:01:33,2010-08-04 07:30:00,"Q2 2010 Insmed Incorporated Earnings Conference Call"
"12454172_T",2019-04-03 12:42:06,2019-04-03 03:15:00,"Full Year 2018 EDAG Engineering Group AG Earnings Call"
"11010459_T",2017-10-16 15:16:06,2017-10-10 09:00:00,"Q4 2017 Neiman Marcus Group Ltd LLC Earnings Call"
"2366902_T",2009-08-04 14:17:55,2009-08-04 08:00:00,"Q4 2009 II-VI Earnings Conference Call"
"697544_T",2003-02-01 10:53:21,2003-01-29 15:45:00,"Q4 2002 Tekelec Earnings Conference Call"
"11045189_T",2017-11-19 11:30:55,2017-11-15 08:00:00,"Q3 2017 Greek Organisation of Football Prognostics SA Earnings Call"
"5433868_T",2014-07-29 14:16:46,2014-07-29 10:00:00,"Q2 2014 Grupo Aeromexico SAB de CV Earnings Call"
"5063603_T",2013-05-01 15:58:20,2013-04-30 16:00:00,"Q1 2013 Dynamic Materials Earnings Conference Call"
"1692130_T",2019-04-04 01:57:08,2007-11-13 07:00:00,"Q3 2007 Evotec AG Earnings Conference Call"
"4869940_T",2012-08-01 07:34:47,2012-08-01 02:00:00,"Half Year 2012 PT XL Axiata Tbk Earnings Conference Call"
"4694838_T",2012-02-03 09:02:00,2012-02-02 10:00:00,"Q4 2011 Ryder System, Inc. Earnings Conference Call"
"5782803_T",2015-08-07 09:11:39,2015-08-06 09:00:00,"Q2 2015 Icahn Enterprises LP Earnings Call"
"5840270_T",2015-10-23 11:36:35,2015-10-22 03:30:00,"Q3 2015 Chugai Pharmaceutical Co Ltd Earnings Call"
"1643836_T",2007-09-28 08:59:47,2007-09-27 11:00:00,"Q3 2007 KB Home Earnings Conference Call"
"11230926_T",2018-02-02 13:20:52,2018-02-01 22:30:00,"Q3 2018 Bajaj Finance Ltd Earnings Call"
"10815702_T",2017-08-18 15:15:48,2017-08-15 09:00:00,"Q2 2017 PAR Technology Corp Earnings Call"
"1919562_T",2008-08-19 14:22:01,2008-08-14 14:00:00,"Q2 2008 CVR ENERGY INC Earnings Conference Call"
"771224_T",2003-11-25 13:51:32,2003-10-22 09:00:00,"Q3 2003 BellSouth Corporation Earnings Conference Call"
"2040548_T",2008-12-24 11:44:07,2008-12-16 10:00:00,"Q1 2009 FactSet Research Systems Earnings Conference Call"
"12529007_T",2019-05-13 21:28:26,2019-05-09 15:30:00,"Q1 2019 Osmotica Pharmaceuticals PLC Earnings Call"
"5714495_T",2015-05-15 06:10:02,2015-05-14 03:00:00,"Q1 2015 Quanta Computer Inc Earnings Call"
"12142070_T",2018-11-01 15:30:15,2018-10-24 11:00:00,"Q3 2018 Southern Copper Corp Earnings Call"
"5776523_T",2015-08-24 13:41:41,2015-08-05 08:00:00,"Q1 2015 Fenix Parts Inc Earnings Call"
"3983304_T",2011-04-29 07:40:57,2011-04-28 08:30:00,"Q1 2011 Dover Downs Gaming And Entertainment Inc Earnings Conference Call"
"1742732_T",2008-04-11 11:35:49,2008-01-15 09:00:00,"Q2 2008 ASHTON WOODS USA LLC Earnings Conference Call"
"2065528_T",2009-01-22 18:53:50,2009-01-22 14:00:00,"Q4 2008 Old Republic International Earnings Conference Call"
"878681_T",2004-05-11 09:03:48,2004-04-21 09:30:00,"Q1 2004 SkyWest Earnings Conference Call"
"1628577_T",2007-08-23 09:47:12,2007-08-21 08:00:00,"Interim 2007 Vestas Wind Systems A/S Earnings Conference Call"
"1894448_T",2008-07-18 16:27:34,2008-07-18 01:30:00,"Q2 2008 Teleca AB Earnings Conference Call"
"1532547_T",2007-06-11 13:42:14,2007-04-30 10:00:00,"Q2 2007 Alberto-Culver Co. Earnings Conference Call"
"11037588_T",2017-10-26 19:15:42,2017-10-26 09:00:00,"Q3 2017 Community Bankers Trust Corp Earnings Call"
"5196701_T",2013-11-06 16:09:35,2013-11-06 10:00:00,"Q3 2013 Silver Standard Resources Inc. Earnings Conference Call"
"5707723_T",2015-07-15 15:30:34,2015-05-14 16:00:00,"Q3 2015 Absolute Software Corp Earnings Call"
"12511594_T",2019-05-10 10:37:56,2019-05-07 16:00:00,"Q1 2019 Great Ajax Corp Earnings Call"
"3737467_T",2011-02-23 16:35:16,2011-02-23 09:00:00,"Q4 2010 Catalyst Health Solutions, Inc. Earnings Conference Call"
"2046142_T",2009-04-02 18:00:09,2009-04-02 09:00:00,"Q1 2009 Stolt-Nielsen S.A. Earnings Conference Call"
"1711455_T",2008-04-23 13:43:41,2008-04-23 10:30:00,"Q1 2008 General Dynamics Earnings Conference Call"
"1391907_T",2006-11-08 23:02:20,2006-11-08 15:15:00,"Q3 2006 AAON Earnings Conference Call"
"9391738_T",2017-04-04 18:55:57,2017-03-31 09:00:00,"Q4 2016 Natuzzi SpA Earnings Call"
"11657463_T",2018-08-15 14:55:03,2018-08-01 01:45:00,"Q4 2018 Mediobanca Banca di Credito Finanziario SpA Earnings Call"
"6048947_T",2016-08-18 09:02:54,2016-07-27 10:00:00,"Q2 2016 Silgan Holdings Inc Earnings Call"
"5763281_T",2015-07-31 08:01:06,2015-07-30 08:00:00,"Q2 2015 Rogers Corp Earnings Call"
"5779818_T",2015-09-04 09:58:50,2015-07-31 11:00:00,"Q2 2015 Anchor BanCorp Wisconsin Inc Earnings Call"
"1003965_T",2005-01-25 11:46:18,2005-01-25 09:00:00,"Q2 2005 Tandy Brands Earnings Conference Call"
"5063355_T",2013-04-24 02:33:22,2013-04-23 11:30:00,"Q1 2013 GDF Suez SA Earnings Conference Call"
"5906193_T",2016-02-01 11:13:30,2016-01-27 11:00:00,"Q2 2016 Provident Financial Holdings Inc Earnings Call"
"1809354_T",2008-04-25 13:31:51,2008-04-25 10:00:00,"Q1 2008 MINERALS TECHNOLOGIES INC Earnings Conference Call"
"10374993_T",2017-05-18 02:02:43,2017-05-11 09:00:00,"Q1 2017 Macy's Inc Earnings Call"
"12035647_T",2018-11-02 03:39:02,2018-10-31 15:30:00,"Q3 2018 AXT Inc Earnings Call"
"5205754_T",2013-10-24 16:02:06,2013-10-24 09:00:00,"Q3 2013 GNC Holdings, Inc. Earnings Conference Call"
"5794113_T",2015-11-06 22:40:10,2015-11-05 07:30:00,"Q2 2016 Symantec Corp Earnings Call"
"879618_T",2004-05-26 14:43:31,2004-04-20 16:00:00,"Q1 2004 Genus, Inc. Earnings Conference Call"
"11021400_T",2017-10-19 19:25:48,2017-10-19 02:30:00,"Q3 2017 Telia Company AB Earnings Call"
"1229022_T",2006-03-09 14:10:51,2006-03-09 08:00:00,"Full Year 2005 AEGON N.V. Earnings Conference Call"
"4764909_T",2012-04-04 12:30:54,2012-04-04 11:00:00,"Full Year 2011 Tamedia AG Earnings Conference Call (Second Call)"
"1768471_T",2008-03-06 14:02:39,2008-03-05 03:15:00,"Preliminary 2007 IMI plc Earnings Presentation"
"4211153_T",2011-11-02 13:38:08,2011-11-01 16:00:00,"Q3 2011 Sourcefire  Inc Earnings Conference Call"
"5609528_T",2015-02-12 14:30:52,2015-02-12 10:00:00,"Q4 2014 Corrections Corporation of America Earnings Call"
"957191_T",2004-12-07 14:23:23,2004-10-29 09:00:00,"Q3 2004 Pride International Inc. Earnings Conference Call"
"3715976_T",2011-03-28 07:23:57,2011-03-28 02:30:00,"Full Year 2010 GURIT HEBERLEIN AG Earnings Presentation"
"12460378_T",2019-05-14 22:30:14,2019-05-09 15:30:00,"Q1 2019 Coherus BioSciences Inc Earnings Call"
"5841658_T",2015-11-06 22:49:11,2015-10-29 10:00:00,"Q3 2015 Senomyx Inc Earnings Call"
"2486085_T",2009-10-23 08:55:25,2009-10-23 08:00:00,"Q3 2009 Computer Programs and Systems, Inc. Earnings Conference Call"
"1761776_T",2008-04-05 09:27:19,2008-02-13 05:00:00,"Alma Media Corporation Financial Statements 2007 Presentation"
"1838931_T",2017-05-24 13:36:44,2008-05-08 10:00:00,"Q1 2008 LINN ENERGY LLC Earnings Conference Call"
"5153983_T",2013-08-29 11:24:28,2013-08-29 07:00:00,"Q2 2013 China Nepstar Chain Drugstore Ltd. Earnings Conference Call and Webcast"
"5921290_T",2016-03-15 13:11:14,2016-02-18 07:30:00,"Q4 2015 Sodastream International Ltd Earnings Call"
"10655433_T",2017-08-13 07:15:49,2017-07-25 10:00:00,"Q2 2017 AK Steel Holding Corp Earnings Call"
"2115705_T",2009-03-11 11:40:34,2009-03-11 10:00:00,"Q4 2008 Altair Nanotechnologies Inc Earnings Conference Call"
"10193671_T",2017-04-27 20:20:58,2017-04-26 10:00:00,"Q1 2017 Trinity Industries Inc Earnings Call"
"3404646_T",2010-10-06 12:04:51,2010-10-06 09:00:00,"Q1 2011 5N PLUS INC Earnings Conference Call"
"5074447_T",2013-05-14 07:41:43,2013-05-08 10:00:00,"Q1 2013 NANOSPHERE INC Earnings Conference Call"
"10689419_T",2017-08-17 09:31:36,2017-08-17 03:00:00,"Q2 2017 Eltel AB Earnings Call"
"12186895_T",2019-01-11 14:50:40,2018-11-14 15:30:00,"Q3 2018 ParkerVision Inc Earnings Call"
"10218995_T",2017-04-29 06:24:06,2017-04-25 10:00:00,"Q1 2017 Swift Transportation Co Earnings Call"
"669052_T",2002-10-28 13:47:46,2002-10-28 10:00:00,"Q3 2002 Titan Earnings Conference Call"
"4778899_T",2012-05-21 14:06:10,2012-05-03 10:00:00,"Q1 2012 PORTLAND GEN ELEC CO Earnings Conference Call"
"2673755_T",2010-01-21 20:59:36,2010-01-21 16:00:00,"Q4 2009 Cubist Pharmaceuticals, Inc. Earnings Conference Call"
"2346764_T",2009-08-09 22:54:07,2009-08-06 10:00:00,"Q2 2009 Innodata Isogen Inc. Earnings Conference Call"
"5191303_T",2013-11-01 13:04:51,2013-11-01 09:00:00,"Q3 2013 CVR Partners LP Earnings Conference Call"
"10274537_T",2017-05-10 06:55:47,2017-05-05 10:00:00,"Q1 2017 Melcor Real Estate Investment Trust Earnings Call"
"3702161_T",2011-02-08 16:12:57,2011-02-08 09:00:00,"Q1 2011 Beazer Homes USA Inc. Earnings Conference Call"
"765158_T",2003-08-07 19:37:18,2003-08-07 09:00:00,"Q2 2003 Van der Moolen N.V. Earnings Conference Call"
"2503145_T",2009-10-23 14:52:01,2009-10-23 09:00:00,"Q3 2009 Oriental Financial Group Earnings Conference Call"
"12297879_T",2019-04-26 19:39:42,2019-02-28 10:00:00,"Q4 2018 Whitestone REIT Earnings Call"
"1763065_T",2008-03-19 12:35:20,2008-02-28 13:00:00,"Q4 2007 Global Cash Access Earnings Conference Call"
"5618635_T",2015-02-06 13:30:03,2015-02-05 09:00:00,"Q2 2015 Immunomedics Inc Earnings Call"
"10131779_T",2017-04-21 18:30:59,2017-04-21 10:00:00,"Q1 2017 SB Financial Group Inc Earnings Call"
"849375_T",2004-02-17 16:57:02,2004-02-17 15:30:00,"Q4 2003 Cepheid Earnings Conference Call"
"4222835_T",2011-11-09 09:12:44,2011-10-28 07:00:00,"Q3 2011 HeartWare International Inc Earnings Conference Call"
"5060135_T",2013-05-02 01:35:07,2013-05-01 16:00:00,"Q2 2013 Concur Technologies Earnings Conference Call"
"763373_T",2003-08-07 14:05:10,2003-07-17 10:00:00,"Q2 2003 Valley National Bancorp Earnings Conference Call"
"3028727_T",2010-04-25 20:56:02,2010-04-22 16:00:00,"Q1 2010 Rambus Inc. Earnings Conference Call"
"5689298_T",2015-05-07 11:22:02,2015-05-07 08:30:00,"Q1 2015 Boulder Brands Inc Earnings Call"
"4752748_T",2012-05-07 08:21:41,2012-03-07 06:00:00,"Q4 2011 China Information Technology, Inc. Earnings Conference Call"
"4933853_T",2012-11-15 08:59:27,2012-11-07 09:00:00,"Q3 2012 Orbitz Worldwide, Inc. Earnings Conference Call"
"4706511_T",2012-01-25 08:46:43,2012-01-25 03:30:00,"Q3 2011/12 Biocon Ltd Earnings Conference Call"
"1324954_T",2006-06-07 11:56:03,2006-06-07 10:00:00,"Q1 2006 Carreker Corporation Earnings Conference Call"
"2071620_T",2009-02-09 05:32:48,2009-02-05 13:30:00,"Q4 2008 First Merchants Corp. Earnings Conference Call"
"5683513_T",2015-04-24 09:17:42,2015-04-23 16:30:00,"Q1 2015 Amazon.com Inc Earnings Call"
"1523595_T",2007-05-02 12:36:15,2007-05-02 08:00:00,"Q1 2007 RADVISION Earnings Conference Call"
"1479593_T",2007-02-27 19:11:07,2007-02-27 10:00:00,"Q4 2006 Fresh Del Monte Produce Inc. Earnings Conference Call"
"4921826_T",2012-10-23 22:14:12,2012-10-23 16:00:00,"Q1 2013 SUPER MICRO COMPUTER INC Earnings Conference Call"
"1320241_T",2006-08-08 14:17:24,2006-06-06 04:00:00,"Interim 2005 Future plc Earnings Presentation"
"5144431_T",2013-08-28 16:10:41,2013-08-07 02:30:00,"Q2 2013 Securitas AB Earnings Conference Call"
"11497207_T",2018-05-14 22:51:28,2018-05-10 07:00:00,"Q4 2018 MIX Telematics Ltd Earnings Call"
"644796_T",2002-07-31 07:42:21,2002-07-30 10:00:00,"Q2 2002 Select Medical Corporation Earnings Conference Call"
"5957660_T",2016-04-27 00:52:49,2016-04-26 16:00:00,"Q1 2016 TransUnion Earnings Call"
"1836320_T",2008-05-01 16:38:42,2008-05-01 09:00:00,"Q1 2008 NTELOS Earnings Conference Call"
"12332753_T",2019-03-15 20:44:03,2019-03-14 07:30:00,"EyePoint Pharmaceuticals Inc Six-Month Transition Period Ended December 31, 2018 Earnings Call"
"4238092_T",2011-11-10 13:40:50,2011-11-10 10:00:00,"Q3 2011 Federal Agricultural Mortgage Corp Earnings Conference Call"
"12165453_T",2018-12-04 19:18:06,2018-11-08 08:00:00,"Q3 2018 GDI Integrated Facility Services Inc Earnings Call"
"698323_T",2003-02-03 18:08:11,2003-02-03 15:30:00,"Q4 2002 Luminex Corp Earnings Conference Call"
"2013574_T",2008-11-13 16:11:18,2008-11-13 09:00:00,"Interim 2009 SABMiller plc Earnings Conference Call"
"5240237_T",2013-11-25 15:53:56,2013-11-25 02:00:00,"Preliminary 2012/2013 Pioneer Food Group Ltd Earnings Presentation"
"5271496_T",2014-10-27 14:42:39,2014-10-27 07:30:00,"Q3 2014 Tenneco Inc Earnings Conference Call"
"1363291_T",2006-08-16 12:53:57,2006-08-16 08:00:00,"Q2 2006 H. Lundbeck A/S Earnings Conference Call"
"5325479_T",2014-04-24 15:28:24,2014-04-24 09:00:00,"Q1 2014 Noble Energy, Inc. Earnings Conference Call"
"12224360_T",2019-02-04 00:03:46,2019-01-30 15:45:00,"Q1 2019 Qualcomm Inc Earnings Call"
"6082215_T",2016-08-26 16:40:51,2016-08-26 08:30:00,"Q1 2017 Tata Motors Ltd Earnings Call"
"2578299_T",2010-05-27 15:04:43,2010-05-27 09:00:00,"Q1 2010 NORTHERN OFFSHORE LTD Earnings Conference Call"
"775282_T",2003-08-20 16:00:31,2003-08-20 14:00:00,"Q2 2003 Advanced Environmental Recycling Technologies Earnings Conference Call"
"4239396_T",2011-11-15 18:52:55,2011-11-15 08:00:00,"Q3 2011 Unione di Banche Italiane ScpA Earnings Conference Call"
"5910985_T",2016-02-05 22:57:46,2016-02-04 09:00:00,"Q1 2016 MarineMax Inc Earnings Call"
"6062939_T",2016-08-01 08:32:16,2016-08-01 02:00:00,"Q2 2016 LG Uplus Corp Earnings Call"
"4751066_T",2012-03-21 04:39:52,2012-03-20 16:00:00,"Q3 2012 Oracle Earnings Conference Call"
"4216070_T",2011-11-04 16:36:55,2011-11-03 12:00:00,"Q3 2011 Lottomatica Group SpA Earnings Conference Call"
"1910672_T",2008-07-31 13:51:55,2008-07-30 11:00:00,"H1 2008 Safilo Group SpA Earnings Conference Call"
"11497550_T",2018-05-11 10:46:28,2018-05-09 07:30:00,"Q1 2018 Sequential Brands Group Inc Earnings Call"
"4790970_T",2012-06-18 07:50:47,2012-05-07 16:00:00,"Q1 2012 CARMIKE CINEMAS INC Earnings Conference Call"
